INSERT INTO kuenstler (ID, NACHNAME, VORNAME, BIOGRAPHIE, GESCHLECHT, VERSION, GEBURTSDATUM) VALUES (1, 'Garrett', 'David', 'David Garrett ist ein ausgezeichneter Geigenspieler', 0, 0, '1980-09-04')
INSERT INTO kuenstler (ID, NACHNAME, VORNAME, BIOGRAPHIE, GESCHLECHT, VERSION, GEBURTSDATUM) VALUES (2, 'Ott', 'Elfriede', 'Elfriede Ott spielte in vielen Filmen mit', 1, 0, '1954-02-01')
INSERT INTO kuenstler (ID, NACHNAME, VORNAME, TITEL, BIOGRAPHIE, GESCHLECHT, VERSION, GEBURTSDATUM) VALUES (3, 'Brandauer', 'Paul', 'Ing.', 'Brandauer Paul ist ein Gitarrist', 0, 0, '1984-10-03')


INSERT INTO engagement (ID, GAGE, FUNKTION, VERSION, KUENSTLER_ID) VALUES (1, 5000, 'Geigenspieler', 0, 1)
INSERT INTO engagement (ID, GAGE, FUNKTION, VERSION, KUENSTLER_ID) VALUES (2, 2500, 'Hauptdarstellerin', 0, 2)
INSERT INTO engagement (ID, GAGE, FUNKTION, VERSION, KUENSTLER_ID) VALUES (3, 1000, 'Gittarist', 0, 3)


INSERT INTO veranstaltung (ID, BEZEICHNUNG, SUBKATEGORIE, DAUER, SPRACHETON, BEWERTUNG, HINWEIS, INHALT, KRITIK, SPRACHEUT, VERSION, JAHRERSTELLUNG, FREIGABE, ABBILDUNG, KATEGORIE) VALUES (1, 'David Garrett World Tour', 'Klassik', 120, 'Englisch', 'Sehr Gut', 'Spielt nur Aktuelles', 'Lied1, Lied2, ...', 'Ausgezeichente Veranstaltung', 'Englisch', 0, 2010, 'ab 10', 'Abbildung', 'Konzert')
INSERT INTO veranstaltung (ID, BEZEICHNUNG, SUBKATEGORIE, DAUER, SPRACHETON, BEWERTUNG, HINWEIS, INHALT, KRITIK, SPRACHEUT, VERSION, JAHRERSTELLUNG, FREIGABE, ABBILDUNG, KATEGORIE) VALUES (2, 'Die Entführung der Elfriede Ott', 'Komödie', 90, 'Deutsch', 'Gut', 'Neuester Elfriede Ott Film', 'Elfriede Ott wird entführt', 'Guter unterhaltsamer Film', 'Deutsch', 0, 2010, 'ab 6', 'Abbildung', 'Film')
INSERT INTO veranstaltung (ID, BEZEICHNUNG, SUBKATEGORIE, DAUER, SPRACHETON, BEWERTUNG, HINWEIS, INHALT, KRITIK, SPRACHEUT, VERSION, JAHRERSTELLUNG, ABBILDUNG, KATEGORIE) VALUES (3, 'Star Wars - Musik nachgespielt', 'Instrumental', 60, 'Deutsch', 'Mittelmäßig', 'Einmalige Veranstaltung', 'Filmmusik zu Star Wars neu interpretiert', 'Künstler verspielt sich an vielen Stellen', 'Deutsch', 0, 2010, 'Abbildung', 'Konzert')

UPDATE engagement SET VERANSTALTUNG_ID=1 WHERE ID=1
UPDATE engagement SET VERANSTALTUNG_ID=2 WHERE ID=2
UPDATE engagement SET VERANSTALTUNG_ID=3 WHERE ID=3

INSERT INTO artikel (ID, PREIS, BESCHREIBUNG, ABBILDUNG, KATEGORIE, KURZBEZEICHNUNG, VERSION, VERANSTALTUNG_ID) VALUES (1, 15.95, 'Live CD zu David Garrett World Tour', 'Abbildung', 2, 'DG2010_CD', 0, 1)
INSERT INTO artikel (ID, PREIS, BESCHREIBUNG, ABBILDUNG, KATEGORIE, KURZBEZEICHNUNG, VERSION, VERANSTALTUNG_ID) VALUES (2, 10, 'T-Shirt "Ich habe Elfriede Ott entführt"', 'Abbildung', 0, 'SHIRT_IchHabeOttEntführt', 0, 2)
INSERT INTO artikel (ID, PREIS, BESCHREIBUNG, ABBILDUNG, KATEGORIE, KURZBEZEICHNUNG, VERSION, VERANSTALTUNG_ID) VALUES (3, 3.5, 'Poster Star Wars', 'Abbildung', 1, 'SW_Poster', 0, 3)

INSERT INTO bestellung (ID, BESTELLZEITPUNKT, ANMERKUNGEN, ZAHLUNGSART, BEZAHLT, VERSANDT, VERSION) VALUES (1, '2010-10-19 16:07:34', 'Kunde hatte Artikel verpacken lassen', 3, 'true', 'false', 0)
INSERT INTO bestellung (ID, BESTELLZEITPUNKT, ZAHLUNGSART, BEZAHLT, VERSANDT, VERSION) VALUES (2, '2010-10-18 15:13:54', 4, 'false', 'true', 0)
INSERT INTO bestellung (ID, BESTELLZEITPUNKT, ZAHLUNGSART, BEZAHLT, VERSANDT, VERSION) VALUES (3, '2010-10-17 22:52:41', 0, 'true', 'true', 0)


INSERT INTO bestellposition (ID, MENGE, VERSION, BESTELLUNG_ID, ARTIKEL_ID) VALUES (1, 1, 0, 1, 1)
INSERT INTO bestellposition (ID, MENGE, VERSION, BESTELLUNG_ID, ARTIKEL_ID) VALUES (2, 2, 0, 2, 2)
INSERT INTO bestellposition (ID, MENGE, VERSION, BESTELLUNG_ID, ARTIKEL_ID) VALUES (3, 3, 0, 3, 2)


INSERT INTO ort (ID, BEZEICHNUNG, BESITZER, TELNR, VERSION, OEFFNUNGSZEITEN, TYP, VERKAUFSSTELLE, KIOSK, STRASSE, PLZ, ORT, LAND) VALUES (1, 'Stadthalle Wien', 'Stadt Wien', '+43 555-123', 0, 'Mo-Fr 07:00-24:00, Sa-So 12:00-24:00', 6, 'true', 'true', 'Burggasse 1', '1150', 'Wien', 'Österreich')
INSERT INTO ort (ID, BEZEICHNUNG, BESITZER, TELNR, VERSION, OEFFNUNGSZEITEN, TYP, VERKAUFSSTELLE, KIOSK, STRASSE, PLZ, ORT, LAND) VALUES (2, 'Gasometer Halle', 'Bank Austria', '+43 555-456', 0, 'Mo-Fr 07:00-24:00, Sa-So 12:00-24:00', 7, 'true', 'false', 'Gasometer 1', '1110', 'Wien', 'Österreich')

INSERT INTO saal (ID, BEZEICHNUNG, KOSTENPROTAG, VERSION, ORT_ID) VALUES (1, 'Halle 1', 1034.56, 0, 1)
INSERT INTO saal (ID, BEZEICHNUNG, KOSTENPROTAG, VERSION, ORT_ID) VALUES (2, 'Hauphalle', 934.45, 0, 2)


INSERT INTO auffuehrung (ID, DATUMUHRZEIT, STORNIERT, PREIS, HINWEIS, VERSION, VERANSTALTUNG_ID, SAAL_ID) VALUES (1, '2010-12-24 20:00:00', 'false', 1, 'einmaliges Weihnachtskonzert', 0, 1, 1)
INSERT INTO auffuehrung (ID, DATUMUHRZEIT, STORNIERT, PREIS, HINWEIS, VERSION, VERANSTALTUNG_ID, SAAL_ID) VALUES (2, '2010-12-31 20:00:00', 'false', 1, 'einmaliges Silvesterkonzert', 0, 1, 1)
INSERT INTO auffuehrung (ID, DATUMUHRZEIT, STORNIERT, PREIS, VERSION, VERANSTALTUNG_ID, SAAL_ID) VALUES (3, '2010-10-27 20:00:00', 'true', 1, 0, 2, 2)
INSERT INTO auffuehrung (ID, DATUMUHRZEIT, STORNIERT, PREIS, VERSION, VERANSTALTUNG_ID, SAAL_ID) VALUES (4, '2010-10-28 20:00:00', 'false', 1, 0, 2, 2)
INSERT INTO auffuehrung (ID, DATUMUHRZEIT, STORNIERT, PREIS, VERSION, VERANSTALTUNG_ID, SAAL_ID) VALUES (5, '2010-11-01 20:00:00', 'false', 1, 0, 3, 2)

INSERT INTO news (ID, TEXT, TITEL, DATUM, VERSION, ORT_ID) VALUES (1, 'David Garrett spielt live in Wien!', 'David Garrett live!', '2010-10-13', 0, 1)
INSERT INTO news (ID, TEXT, TITEL, DATUM, VERSION, ORT_ID) VALUES (2, 'Halle 5 wird neu eröffnet', 'Neue Halle 5', '2010-10-19', 0, 1)
INSERT INTO news (ID, TEXT, TITEL, DATUM, VERSION, ORT_ID) VALUES (3, 'Die BA Halle im Gasometer schenkt jetzt fünf verschiedene Sorten Bier aus - Stiegl, Ottakringer, Wieselburger, Gösser und Zwettler', 'Neue Biersorten', '2010-10-18', 0, 2)


INSERT INTO kategorie (ID, BEZEICHNUNG, PREISMIN, PREISMAX, PREISSTD, VERSION) VALUES (1, 'Gehoben', 100, 200, 150, 0)
INSERT INTO kategorie (ID, BEZEICHNUNG, PREISMIN, PREISMAX, PREISSTD, VERSION) VALUES (2, 'Standard', 50, 150, 100, 0)
INSERT INTO kategorie (ID, BEZEICHNUNG, PREISMIN, PREISMAX, PREISSTD, VERSION) VALUES (3, 'Erster Block', 10, 20, 15, 0)
INSERT INTO kategorie (ID, BEZEICHNUNG, PREISMIN, PREISMAX, PREISSTD, VERSION) VALUES (4, 'Zweiter Block', 60, 200, 100, 0)


INSERT INTO reihe (ID, BEZEICHNUNG, ANZPLAETZE, SITZPLATZ, STARTPLATZ, VERSION, SAAL_ID, KATEGORIE_ID) VALUES (1, 'Reihe 1', 7, 'true', 0, 0, 1, 1)
INSERT INTO reihe (ID, BEZEICHNUNG, ANZPLAETZE, SITZPLATZ, STARTPLATZ, VERSION, SAAL_ID, KATEGORIE_ID) VALUES (2, 'Reihe 2', 10, 'true', 0, 0, 1, 1)
INSERT INTO reihe (ID, BEZEICHNUNG, ANZPLAETZE, SITZPLATZ, STARTPLATZ, VERSION, SAAL_ID, KATEGORIE_ID) VALUES (3, 'Reihe 3', 12, 'true', 0, 0, 1, 2)
INSERT INTO reihe (ID, BEZEICHNUNG, ANZPLAETZE, SITZPLATZ, STARTPLATZ, VERSION, SAAL_ID, KATEGORIE_ID) VALUES (4, 'Erste Reihe', 20, 'true', 0, 0, 2, 3)
INSERT INTO reihe (ID, BEZEICHNUNG, ANZPLAETZE, SITZPLATZ, STARTPLATZ, VERSION, SAAL_ID, KATEGORIE_ID) VALUES (5, 'Zweite Reihe', 20, 'false', 0, 0, 2, 4)

--Mitarbeiter
INSERT INTO person (ID, TYP, NACHNAME, VORNAME, GESCHLECHT, GEBURTSDATUM, STRASSE, PLZ, ORT, LAND, TELNR, EMAIL, BLZ, KONTONR, ORT_ID, BERECHTIGUNG, USERNAME, PASSWORT, VERSION, GRUPPE) VALUES (1, 'M', 'Spalter', 'Karl', 0, '1986-09-23', 'Hauptstrasse 23', '1150', 'Wien', 'Österreich', '+43 555-321', 'musterknabe@mail.de', '12345', '987654321', 1, 0, 'kspalter', 'iamthamasta', 0, 0)
INSERT INTO person (ID, TYP, NACHNAME, VORNAME, GESCHLECHT, GEBURTSDATUM, STRASSE, PLZ, ORT, LAND, TELNR, EMAIL, BLZ, KONTONR, ORT_ID, BERECHTIGUNG, USERNAME, PASSWORT, VERSION, GRUPPE) VALUES (3, 'M', 'Ganondorf', 'Gan', 0, '1982-10-02', 'Hinterwaldgasse 5', '2340', 'Mödling', 'Österreich', '+43 555-654', 'xena@ganondorf.de', '11111', '45687985', 2, 1, 'ganondorf', 'zeldaismine', 0, 0)

--Kunden
INSERT INTO person (ID, TYP, NACHNAME, VORNAME, GESCHLECHT, GEBURTSDATUM, STRASSE, PLZ, ORT, LAND, TELNR, EMAIL, BLZ, KONTONR, ORT_ID, KREDITKARTENNR, KREDITKARTENTYP, KREDITKARTEGUELTIGBIS, KONTOSTAND, KONTOLIMIT, ERMAESSIGUNG, TICKETCARDNR, TICKETCARDGUELTIGBIS, GESPERRT, ONLINEPWD, GRUPPE, VORLIEBEN, USERNAME, BERECHTIGUNG, PASSWORT) VALUES (2, 'K', 'Solid', 'Snake', 0, '1956-01-01', 'Arktis 5', '2222', 'Nordpol', 'Nordpol', '+43 555-987', 'solid@snake.de', '44444', '8976541', 1, '11122233344455', 0, '2011-01-01', 5000, 6000, 10, 'asg15273jsdf82di73bf', '2011-01-01', 'false', 'ihasapwd', 3, 'Metal Gear Spiele', 'ssnake', 0, '1234')
INSERT INTO person (ID, TYP, NACHNAME, VORNAME, GESCHLECHT, GEBURTSDATUM, STRASSE, PLZ, ORT, LAND, TELNR, EMAIL, BLZ, KONTONR, ORT_ID, KREDITKARTENNR, KREDITKARTENTYP, KREDITKARTEGUELTIGBIS, KONTOSTAND, KONTOLIMIT, ERMAESSIGUNG, TICKETCARDNR, TICKETCARDGUELTIGBIS, GESPERRT, ONLINEPWD, GRUPPE, VORLIEBEN, USERNAME, BERECHTIGUNG, PASSWORT) VALUES (4, 'K', 'Jim', 'Raynor', 0, '1980-01-01', 'Hyperion 1', '0000', 'Koprulu Sector', 'Space', '+43 555-897', 'jim@raynor.tt', '98745', '3871573', 2, '974851368752149', 3, '2200-01-01', 10000, 20000, 100, 'ic7dea587gawergvadaf', '2200-01-01', 'true', 'starcraft2', 2, 'Cruiser klauen, Zergs metzeln', 'jraynor', 0, '1234')


INSERT INTO transaktion (ID, DATUMUHRZEIT, STATUS, ZAHLUNGSART, RESERVIERUNGSNR, VERSION, KUNDE_ID, MITARBEITER_ID) VALUES (1, '2010-10-18 13:45:22', 0, 1, 3486, 0, 4, 3)
INSERT INTO transaktion (ID, DATUMUHRZEIT, STATUS, ZAHLUNGSART, RESERVIERUNGSNR, VERSION, KUNDE_ID, MITARBEITER_ID) VALUES (2, '2010-10-17 09:35:49', 1, 2, 7946, 0, 4, 1)
INSERT INTO transaktion (ID, DATUMUHRZEIT, STATUS, ZAHLUNGSART, RESERVIERUNGSNR, VERSION, KUNDE_ID, MITARBEITER_ID) VALUES (3, '2010-10-17 22:23:48', 2, 3, 1975, 0, 2, 3)
INSERT INTO transaktion (ID, DATUMUHRZEIT, STATUS, ZAHLUNGSART, RESERVIERUNGSNR, VERSION, KUNDE_ID, MITARBEITER_ID) VALUES (4, '2010-09-24 09:34:47', 0, 0, 1915, 0, 2, 1)


INSERT INTO platz (ID, STATUS, NUMMER, VERSION, AUFFUEHRUNG_ID, TRANSAKTION_ID, REIHE_ID, KATEGORIE_ID) VALUES (1, 1, 0, 0, 1, 1, 1, 1)
INSERT INTO platz (ID, STATUS, NUMMER, VERSION, AUFFUEHRUNG_ID, TRANSAKTION_ID, REIHE_ID, KATEGORIE_ID) VALUES (2, 1, 1, 0, 1, 1, 1, 1)
INSERT INTO platz (ID, STATUS, NUMMER, VERSION, AUFFUEHRUNG_ID, TRANSAKTION_ID, REIHE_ID, KATEGORIE_ID) VALUES (3, 1, 2, 0, 1, 1, 1, 1)

INSERT INTO platz (ID, STATUS, NUMMER, VERSION, AUFFUEHRUNG_ID, TRANSAKTION_ID, REIHE_ID, KATEGORIE_ID) VALUES (9, 2, 0, 0, 2, 2, 2, 1)
INSERT INTO platz (ID, STATUS, NUMMER, VERSION, AUFFUEHRUNG_ID, TRANSAKTION_ID, REIHE_ID, KATEGORIE_ID) VALUES (10, 2, 1, 0, 2, 2, 2, 1)
INSERT INTO platz (ID, STATUS, NUMMER, VERSION, AUFFUEHRUNG_ID, TRANSAKTION_ID, REIHE_ID, KATEGORIE_ID) VALUES (11, 2, 2, 0, 2, 2, 2, 1)
INSERT INTO platz (ID, STATUS, NUMMER, VERSION, AUFFUEHRUNG_ID, TRANSAKTION_ID, REIHE_ID, KATEGORIE_ID) VALUES (12, 2, 3, 0, 2, 3, 4, 1)

INSERT INTO platz (ID, STATUS, NUMMER, VERSION, AUFFUEHRUNG_ID, TRANSAKTION_ID, REIHE_ID, KATEGORIE_ID) VALUES (13, 1, 0, 0, 3, 2, 2, 3)

INSERT INTO platz (ID, STATUS, NUMMER, VERSION, AUFFUEHRUNG_ID, TRANSAKTION_ID, REIHE_ID, KATEGORIE_ID) VALUES (14, 1, 4, 0, 4, 4, 5, 4)
